Cédula,Nombre,Apellido,Dirección
1102792827,Christopher,Patrick,"16310 Lisa Village
Spearsstad, MS 19476"
1102792828,Elizabeth,Brewer,"PSC 0454, Box 8792
APO AA 20933"
1102792829,Sandra,Williams,"79061 Joshua Mountain Suite 441
Port Pamelastad, MT 34551"
1102792830,Brendan,Pennington,"1563 Nicholas Ford Suite 198
Mcclurechester, NJ 93706"
1102792831,Christopher,Moore,"326 Brooke Track
Jenniferbury, GA 47687"
1102792832,Erin,Nguyen,"4260 Stephanie Glen Suite 484
Parsonsmouth, AR 62527"
1102792833,Kevin,Harvey,"4373 Atkins Passage
Port Daniellefurt, WA 96432"
1102792834,Amanda,Lopez,"402 Ryan Ridges Suite 243
Katherinetown, SD 32128"
1102792835,Maria,Bass,"3394 Austin Fork Suite 507
South Danbury, TN 08558"
1102792836,Nicole,Mendez,"2835 Graham Squares
Kimberlyside, OK 53805"
1102792837,Ryan,Woods,"39104 Moore Extension
South Aaronhaven, VT 50197"
1102792838,William,Nunez,"641 Marshall View Apt. 683
New Jacobhaven, PW 02356"
1102792839,Jasmine,Howard,"04196 Bryant Plaza Suite 358
Robertsstad, VA 70237"
1102792840,Emily,Williams,"3959 Lisa Corner
Maddenmouth, ND 63630"
1102792841,Gabriel,Bartlett,"494 Rogers Square
Lake Kyleville, NJ 74422"
1102792842,Sierra,Jackson,"897 Daryl Gardens Apt. 946
Clarkland, MN 50133"
1102792843,Rebecca,Myers,"56054 Vanessa Bypass Apt. 244
North Kellyfurt, VT 33668"
1102792844,Michelle,Castillo,"396 Roberts Lodge Apt. 400
North Christian, AS 46094"
1102792845,Mary,Miller,"Unit 8539 Box 0260
DPO AE 87455"
1102792846,Gerald,Green,"6620 Veronica Bridge Suite 775
Richardborough, NY 67659"
1102792847,Brandon,Snyder,"4754 Craig Radial Apt. 734
Lake Mark, WY 88492"
1102792848,Shirley,Powell,"67148 Levy Stream
New Thomas, GU 24057"
1102792849,Erin,Harmon,"531 Gordon Spring Apt. 139
New Williamburgh, IN 26952"
1102792850,Brooke,Waller,"27628 Nicholas Road Suite 959
Garyshire, KS 55236"
1102792851,Brian,Thomas,"776 Pam Brooks
New Lindaview, ID 43110"
1102792852,Linda,Garcia,"185 Matthew Locks
Maryhaven, NJ 81808"
1102792853,Shane,Huff,"3382 Cameron Landing Apt. 606
Lake Patricia, NC 05230"
1102792854,Mark,Lopez,"1304 Stephanie Valley
East Anthonyhaven, IN 80286"
1102792855,Daniel,Barber,"201 Cruz Manor
Hamiltonside, RI 77203"
1102792856,Barry,Taylor,"29222 Wyatt Gardens Suite 693
Austinview, NJ 83499"
1102792857,Jacqueline,Evans,"038 Lee Meadows Apt. 892
North Kristin, KY 73225"
1102792858,Amy,Joseph,"428 Clark Ramp
East Parkerton, TN 96351"
1102792859,Jose,Singleton,"2892 Melissa Roads
Farleychester, LA 09259"
1102792860,Amanda,Anderson,"8938 Jacqueline Prairie Apt. 754
West Joseph, AZ 24372"
1102792861,Jason,Martinez,"94171 Cox Rest Apt. 870
Taraside, KS 73803"
1102792862,Matthew,Maxwell,"18061 Richard Passage Apt. 679
Wisehaven, ME 73175"
1102792863,Kimberly,Garcia,"387 Campbell Way
Valerieville, MD 82838"
1102792864,Brenda,Johnson,"931 Christopher Falls
Nobleburgh, VI 65954"
1102792865,Christopher,Rhodes,"8124 Douglas Overpass
New Jenniferville, AS 47949"
1102792866,Paula,Mullins,"5223 Peterson Cape
North Katelynton, MA 85608"
1102792867,Michelle,Powell,"8154 Moore Island Suite 669
Hornland, TN 15255"
1102792868,James,Williams,"212 Tiffany Way
West Miranda, WY 78965"
1102792869,Andre,Robinson,"86749 Suzanne Forges
Johnchester, NH 82383"
1102792870,Mary,Daniels,"Unit 1087 Box 3259
DPO AP 12425"
1102792871,Bryan,Roberson,"0599 Phillips Islands
South Zacharyburgh, MS 76060"
1102792872,Peter,Perez,"310 Wagner Harbors
North Darinstad, KS 25824"
1102792873,Marie,Foster,"98219 James Ports Apt. 121
West Chadside, IL 62759"
1102792874,David,Miller,"30161 Hall Junction Suite 697
Cartershire, UT 70510"
1102792875,Ashley,Hawkins,"4071 Rebecca Falls Suite 414
Port Amberhaven, CO 93040"
1102792876,Patricia,Nelson,"4974 Bautista Extension
Rachelville, NV 69306"
1102792877,Charles,Robertson,"4591 Deborah Mountain
New Jamesland, SD 38975"
1102792878,Larry,Russell,"1857 Lewis Estate
West Michelle, GU 29514"
1102792879,Carol,Wyatt,"650 Sullivan Viaduct
Rickyborough, ID 70895"
1102792880,Cynthia,Figueroa,"045 Peters Tunnel
North Caroline, IA 85776"
1102792881,Amy,Hancock,"30224 Ramsey Wall Apt. 577
Jacquelineshire, GU 79489"
1102792882,Jose,Moore,"10765 Peck Cliffs Apt. 544
South Matthew, MA 32259"
1102792883,Nicholas,Gonzalez,"3688 Todd Flat Apt. 202
Lake Anna, MI 06190"
1102792884,Andrew,Ayala,"559 Jennifer Rest
North Tamara, SC 91697"
1102792885,William,Garrett,"0716 Hickman Hills Suite 288
Garciabury, PA 19711"
1102792886,Angela,Ramirez,"9519 Li Grove Apt. 286
Port Johnstad, MT 26768"
1102792887,Wendy,English,"619 Ricky River
Melissaland, AZ 59169"
1102792888,Shannon,Robinson,"57339 Christopher Forge Apt. 997
Nathanielborough, DC 17823"
1102792889,Joseph,Sexton,"55747 Adams Landing Apt. 205
Rosschester, DE 90331"
1102792890,Joshua,Graves,"591 Joshua Course
Port Lisatown, TN 60987"
1102792891,Susan,Wong,"1048 Carolyn Loaf Suite 719
North Billyburgh, KY 09998"
1102792892,Mitchell,Pearson,"1543 Larry Parkway Suite 387
Tammyberg, NV 22613"
1102792893,Kathleen,Johnson,"USS Bean
FPO AP 43472"
1102792894,Michael,Carpenter,"70608 Thomas Court
Chadburgh, NM 13638"
1102792895,Allison,Chapman,"59872 Williams Place Apt. 853
New Sherry, LA 29082"
1102792896,Donald,Freeman,"5891 Moore Gateway
North Joshuatown, NH 56127"
1102792897,Michael,Jimenez,"527 Daniel Brook
Crawfordton, NJ 96579"
1102792898,Anna,Morris,"USCGC Rodgers
FPO AE 63230"
1102792899,Stephanie,Garcia,"96105 Cox Ville
Woodfort, AZ 09215"
1102792900,Carolyn,Roy,"6690 Small Lock Suite 104
Lake Matthewland, OH 87170"
1102792901,Devin,Hines,"6967 Megan Summit
Pachecohaven, VA 74066"
1102792902,Jacqueline,Hayes,"627 Lewis Well Apt. 919
Lake James, OH 10718"
1102792903,Rhonda,Figueroa,"9675 Lisa Station Suite 533
Jonesberg, FM 51496"
1102792904,Michael,Johnson,"3142 Howell Vista Suite 278
Brandiside, PA 84236"
1102792905,Brenda,Mccoy,"419 Andersen Village Suite 274
Maryview, MH 00644"
1102792906,Jamie,Miller,"097 Bradley Squares Suite 939
Lake Joshua, MO 71492"
1102792907,Alexis,Maldonado,"852 Escobar Station
Christopherside, RI 45214"
1102792908,Frank,Knight,"01530 Lee Turnpike Apt. 146
South Ryanchester, RI 18058"
1102792909,Earl,Pacheco,"5250 Cody Village
Johnstonhaven, WA 09873"
1102792910,Robert,Barnes,"520 Johnson Shore Suite 186
Kristinabury, IA 70392"
1102792911,Daniel,Walker,"USNV Johnson
FPO AP 45258"
1102792912,Jason,Jones,"640 Murray Lights Apt. 019
Davidmouth, WI 12915"
1102792913,Ethan,Hernandez,"8768 Liu Ridge Apt. 421
New Charlesbury, AS 78129"
1102792914,Stacy,Robbins,"6042 Harrison Canyon Apt. 866
North Katherine, IA 55563"
1102792915,Lisa,Simpson,"34119 Michael Estates Suite 095
Robertborough, CA 08756"
1102792916,Melissa,Jackson,"USNV Reid
FPO AA 54270"
1102792917,Jeffery,Anderson,"99647 Kimberly Drives Apt. 520
Port Laura, MT 92346"
1102792918,Ruben,Mcgee,"2483 Madden Rapid
Jenniferstad, MI 72324"
1102792919,David,Simpson,"PSC 1207, Box 8645
APO AP 44387"
1102792920,Michelle,Cobb,"0087 Olson Walk
Hoodside, LA 34108"
1102792921,Holly,Hansen,"665 Vasquez Turnpike Suite 883
Rachelshire, NH 72418"
1102792922,Timothy,Peters,"2242 Moore Bypass
Patelmouth, MH 10292"
1102792923,Sharon,Smith,"USS Ruiz
FPO AP 67483"
1102792924,Kendra,Alexander,"64214 Keith Spring Apt. 078
New Christine, HI 72947"
1102792925,Amanda,Good,"7193 Leah Lodge Suite 238
North Tracyton, CT 60234"
1102792926,Jessica,Hayes,"390 Newton Heights Suite 252
Dianabury, PA 53534"
1102792927,Willie,Stephens,"71101 David Manor Apt. 275
Rayberg, NH 75723"
1102792928,Karen,Miles,"90539 Dougherty Cape Apt. 756
Millerfurt, WI 25632"
1102792929,Rebekah,Cooper,"85733 Charles Garden Apt. 729
New Edward, VI 73526"
1102792930,David,Stein,"USS Elliott
FPO AP 94411"
1102792931,John,Smith,"92127 Brian Square Apt. 326
New Mark, FL 45959"
1102792932,Larry,Miller,"1952 Johnson Isle
Hardinshire, RI 85276"
1102792933,Heather,Obrien,"146 Travis Ridge Apt. 697
Michealburgh, AS 81526"
1102792934,Adam,Lewis,"5849 Nicholas Avenue
South Gabrielle, MT 89007"
1102792935,Megan,Schmidt,"6014 Barron Squares Suite 419
Riveraland, ME 77597"
1102792936,Anthony,Briggs,"056 Beard Park
Simpsonland, GU 31825"
1102792937,David,Martinez,"3738 Edward Burgs Suite 428
East Barbara, NJ 24269"
1102792938,Jack,Henderson,"84141 Lane Falls Suite 333
Evansstad, VA 85691"
1102792939,Scott,Fernandez,"695 Brewer Village Suite 229
South William, GU 54058"
1102792940,Diana,Bass,"780 Meghan Orchard Apt. 688
Reyesstad, GU 56174"
1102792941,Lauren,Stuart,"3425 Kerry Cove Suite 351
Mataside, AR 44233"
1102792942,Joshua,Bennett,"1145 Mitchell Forges
Masonbury, MN 36599"
1102792943,Sheryl,Evans,"299 George Lodge
Penafort, UT 41190"
1102792944,Stephanie,Shannon,"33534 Rodriguez Stream
New Joshuamouth, NM 17590"
1102792945,Michael,Williams,"895 Harris Island Apt. 131
Derekborough, MT 73464"
1102792946,Matthew,Clark,"5535 Mckinney Ranch Apt. 514
New Blakestad, CT 18283"
1102792947,Terri,Roman,"USNS Martin
FPO AE 16907"
1102792948,John,Leblanc,"13170 Hayes Flats
Andersonchester, CA 79158"
1102792949,Michael,Williams,"09063 Sheri Trace
Tiffanyborough, ME 17905"
1102792950,Hannah,Barr,"05102 Deborah Viaduct
North Brenda, MA 33110"
1102792951,Paula,Taylor,"465 Bates Mountains Apt. 267
Staffordfort, OR 66095"
1102792952,Michael,Copeland,"Unit 8247 Box 8554
DPO AP 94386"
1102792953,Rachel,Morgan,"9415 Kelly Terrace Suite 023
Nicholeport, NY 85227"
1102792954,William,Jones,"9571 Alexa Point Suite 839
Roberthaven, MP 79785"
1102792955,Stacey,Smith,"66747 Green Mountains Suite 707
North Denise, IA 30685"
1102792956,Martin,Ayala,"784 Charles Heights
Hernandezfort, NJ 52238"
1102792957,Lisa,Dickerson,"980 Johnson Ford
Thomasport, IA 05402"
1102792958,Maria,Ford,"5457 Ashley Rapid Suite 164
Alexanderville, CO 20181"
1102792959,Timothy,Dawson,"1876 Santiago Trace
New Tony, NV 29107"
1102792960,April,Calderon,"3911 Joseph Street
North Brianside, WI 34382"
1102792961,Sheri,Humphrey,"077 Mark Falls Apt. 109
Tiffanyside, IL 39138"
1102792962,Miranda,Williams,"594 Sullivan Summit
East Rebeccastad, CO 23834"
1102792963,Raymond,Bell,"6194 Taylor Camp Apt. 938
South Pamela, VI 50701"
1102792964,Katherine,Rios,"76580 White Walk Suite 015
East Darrenborough, NE 63354"
1102792965,Cynthia,Costa,"019 Gonzalez Drive Apt. 932
Hernandezhaven, SD 40933"
1102792966,Lisa,Kerr,"1860 Randall View Suite 306
Port Christinaview, LA 97783"
1102792967,Carlos,Steele,"726 Tammy Alley Suite 143
North Lindsay, UT 65700"
1102792968,Caleb,Humphrey,"71764 Miller Mission
Jaredstad, NJ 73443"
1102792969,Ronald,Carlson,"788 James Turnpike Apt. 421
Curtismouth, NE 91615"
1102792970,Michael,Nicholson,"0848 Brittany Vista
Jamesfurt, AS 57805"
1102792971,Cheryl,Mays,"2254 Mitchell Lodge Suite 083
Dixonside, NJ 85056"
1102792972,Alexis,Gonzalez,"4076 Hernandez Harbor
Jennifershire, HI 32335"
1102792973,Alexandra,Henson,"7492 Barnes Course
Brownland, NH 45022"
1102792974,Lauren,Burke,"21374 Eric Fort Apt. 966
Christineton, KY 52647"
1102792975,Heather,Hunter,"PSC 8465, Box 9569
APO AE 92128"
1102792976,Cassandra,Myers,"89467 Hall Lodge Suite 074
North Garyberg, MD 13158"
1102792977,Antonio,Lane,"5301 Herman Street Suite 712
South Luisborough, VT 39965"
1102792978,James,Moss,"93196 Joan Pike Suite 730
East Kelly, IN 07408"
1102792979,Lisa,Wheeler,"823 Olson Run
New Carlymouth, TN 31240"
1102792980,Jessica,Porter,"807 Jeff Row Apt. 802
Novakhaven, RI 78859"
1102792981,Robert,Cochran,"7765 Velazquez Court Apt. 748
East Richardview, WA 35533"
1102792982,Kevin,Miles,"1744 Kristina Prairie Apt. 313
East Paula, MI 05123"
1102792983,Julian,Woodard,"69601 Wallace Extension
North Sarah, DC 40776"
1102792984,Mike,Romero,"1215 Jones Cape
Millerhaven, MI 86598"
1102792985,Robin,Nielsen,"158 Donna Drive Suite 376
Anthonyville, AK 64770"
1102792986,Danielle,Flores,"34315 Craig Station Apt. 987
Bennettberg, NH 27541"
1102792987,Elizabeth,Murphy,"47426 Berg Parkway
Nataliechester, GA 69500"
1102792988,Madeline,Gallagher,"008 John Parkways
Port Theodore, AR 50073"
1102792989,Melinda,Vaughn,"9728 Elizabeth Street Apt. 492
East Alejandra, DC 22968"
1102792990,Denise,Bell,"646 Mays Key Suite 676
Clarkmouth, ND 93561"
1102792991,Hector,Downs,"46520 Hill Union
North Mariabury, OK 60316"
1102792992,Jim,Wyatt,"769 Anderson Harbors Suite 694
Port Sharon, NE 31098"
1102792993,Mary,Scott,"806 Hicks Ford Apt. 993
North Kaitlinport, FL 07356"
1102792994,Dylan,Johnson,"1005 Courtney Pines Apt. 886
Port Juanview, IA 43820"
1102792995,Kristie,Wood,"Unit 3362 Box 8750
DPO AP 37264"
1102792996,Sydney,Ho,"1883 Smith Loop Apt. 286
North Deanna, MP 18536"
1102792997,Danielle,Morales,"Unit 4484 Box 7978
DPO AE 61581"
1102792998,Jennifer,Massey,"30679 Andrea Burg
South Brandon, MD 79902"
1102792999,Kathleen,Kidd,"192 Mcdowell Fall
South Kristyton, NV 77401"
1102793000,Robin,Black,"5805 Williams Terrace
Stevensburgh, AZ 64376"
1102793001,Emma,Mcgee,"995 Lisa Hollow
Dalefort, SD 58581"
1102793002,Ann,Patterson,"79326 Lloyd View
South Sharon, PR 75187"
1102793003,Brian,Norman,"0875 Bobby Track
Tonyshire, MO 27658"
1102793004,Becky,Mckee,"9726 Jones Corner
North Jillian, CT 74286"
1102793005,Lindsey,Jones,"3812 Jorge Corners Suite 010
Francesborough, MT 50672"
1102793006,Keith,Johnson,"PSC 6948, Box 4116
APO AP 76318"
1102793007,Sheryl,Schultz,"6989 Brandy Ports
Lake Bradley, IA 62933"
1102793008,Andrea,Young,"485 Brooks Brooks
West Diana, WY 20521"
1102793009,Richard,Hernandez,"769 Gonzalez Village
Lake Thomas, GU 34722"
1102793010,Kristen,Donovan,"878 Watkins Estates
Rogersburgh, KY 89540"
1102793011,Tracy,Martinez,"46782 Obrien Prairie Suite 322
Maybury, DE 04487"
1102793012,Krystal,Cunningham,"996 Nicole Dam
Pattersonmouth, TX 09161"
1102793013,Michael,Hicks,"2985 Clarke Lake
Port Laurenport, MP 20300"
1102793014,Kevin,Moore,"Unit 2252 Box 5590
DPO AE 63992"
1102793015,Benjamin,Bush,"291 Smith Stream
Pettyhaven, KY 42994"
1102793016,Gregory,Daniel,"PSC 8281, Box 4406
APO AE 55857"
1102793017,Kayla,Guzman,"2441 Miller Hill Apt. 639
Valerieborough, HI 68342"
1102793018,David,Steele,"1712 Patrick Haven
Marktown, ME 06841"
1102793019,Morgan,Gonzalez,"1229 Garcia Path
South Jacob, MI 42332"
1102793020,Michael,Diaz,"136 Rivera Harbors Apt. 732
Kennethmouth, WY 50150"
1102793021,Kristine,Jones,"1924 Kaitlyn Fields Suite 025
Lisaport, CT 03608"
1102793022,Shannon,Williams,"PSC 1230, Box 3674
APO AA 66413"
1102793023,Miranda,Payne,"121 Ellis Circles
East Michaelstad, AS 65296"
1102793024,Mark,Carey,"2488 Valencia Mall
Randolphborough, AS 65370"
1102793025,David,Hall,"223 Baker Prairie Suite 394
Riverahaven, OR 33326"
1102793026,Thomas,Bruce,"23131 Gross Shores Apt. 966
Blairborough, OH 30238"
1102793027,Anthony,Wolfe,"315 Rosario Springs
Lake Nicholas, MP 95262"
1102793028,Jessica,Wheeler,"95119 Ashlee Club Suite 677
New Matthew, AK 85440"
1102793029,Reginald,Velasquez,"PSC 0234, Box 2672
APO AP 57607"
1102793030,David,Oneill,"17774 Hurley Crest Suite 644
North Shannon, ND 20659"
1102793031,Mary,Roman,"342 Baker Common Apt. 177
Jeremychester, HI 98696"
1102793032,Cheryl,Russell,"3382 Wright Isle Apt. 620
South Rhonda, NV 37198"
1102793033,Gabrielle,Lee,"52436 Alexis Station
Oliverborough, HI 27928"
1102793034,Ann,Flowers,"85608 Rebecca Highway
Alexmouth, UT 72006"
1102793035,Lisa,White,"270 Jenna Club Apt. 343
Johnbury, OK 68338"
1102793036,Jon,Ford,"10977 Stanley Station Apt. 886
Matthewton, ID 94944"
1102793037,Tim,Mitchell,"521 Rojas Orchard
South Christopher, HI 22851"
1102793038,Matthew,Andersen,"296 Emily Lights
Ethanfort, MD 97025"
1102793039,Zachary,Greene,"8844 Riley Spring
Bishopbury, TN 34745"
1102793040,Kelly,George,"602 Sparks Club Suite 695
East Rodney, NH 67803"
1102793041,Jonathan,Moore,"01257 Barbara Forks
Nunezstad, SC 83869"
1102793042,Joe,Wright,"030 Vasquez Brooks
North George, KS 65788"
1102793043,Danielle,Bailey,"8075 Stokes Dale Suite 166
East Grace, FL 90822"
1102793044,Natasha,Garcia,"721 Gibson Pine
Jillianstad, HI 25872"
1102793045,Laura,Ochoa,"17672 Sherman Parkway Apt. 101
Port Justin, KS 53103"
1102793046,Stephen,Harrison,"86451 Wilkins Lakes
New Kimberlyland, NV 09674"
1102793047,Jamie,Stark,"10170 Eaton Prairie
Landryhaven, KY 35209"
1102793048,Randy,Montoya,"776 Oneal Crest
Port Tonya, TX 97998"
1102793049,Steven,Holland,"618 Leonard Walk
Jessicaton, MN 29732"
1102793050,Emily,Russell,"1336 Robinson Wells Apt. 060
Reynoldsville, ID 72161"
1102793051,William,Williams,"70033 Peterson Isle
Travisborough, AZ 89989"
1102793052,Gerald,Ortega,"11195 Sarah Inlet Apt. 680
West Carolynfurt, SC 81983"
1102793053,Patricia,Russo,"PSC 3685, Box 2169
APO AA 11651"
1102793054,Christina,Cooper,"918 Snyder Flat
Lynnchester, DC 42479"
1102793055,Chase,Miller,"86917 Jackson Fall
Port Tammychester, OR 09085"
1102793056,James,Gonzales,"12947 Stanley Fall
Kennethland, GA 65907"
1102793057,Destiny,Shannon,"300 Jacob Knolls
South David, AR 15105"
1102793058,Lori,Moore,"4079 Young Track Suite 643
Sarahbury, VT 66887"
1102793059,Timothy,Stevens,"03632 Lisa Stream Suite 139
Strongview, CO 46945"
1102793060,Vanessa,Barker,"0987 Elizabeth Unions Apt. 798
West Christinaberg, LA 94574"
1102793061,Karen,Berry,"784 Li Mission
Michaelmouth, MA 77261"
1102793062,Rachel,Hill,"2086 Patrick Points
Lake Michelleberg, MT 16542"
1102793063,Randy,Hanson,"25692 Copeland Track Suite 578
West Sarahside, MN 98924"
1102793064,Nicole,Shields,"169 Moore Well Suite 372
East Jordan, MI 95492"
1102793065,Bridget,Barker,"107 Jennifer Ford
Thomasmouth, RI 82510"
1102793066,Kelly,Brooks,"413 Garcia Wells
North Rachelton, WY 51790"
1102793067,Andrea,Long,"PSC 8109, Box 7099
APO AE 55452"
1102793068,Karina,Oneal,"735 Phillip Mountain
South Robertville, TX 04264"
1102793069,Stacy,Delgado,"3398 Isabel Lock
Clarkhaven, MO 26732"
1102793070,Tyler,Allen,"535 Davidson Prairie Apt. 082
Goodwinside, VI 83161"
1102793071,Brandon,Johnson,"USNV Gill
FPO AA 50208"
1102793072,Michele,Simmons,"19259 Dixon Squares Suite 532
South Dominiqueburgh, MI 49143"
1102793073,Douglas,Davis,"1883 David Camp Apt. 165
Youngshire, HI 49401"
1102793074,Lisa,Campbell,"USNV Hahn
FPO AP 15756"
1102793075,Sean,Silva,"Unit 2321 Box 5231
DPO AP 92451"
1102793076,Christopher,Robertson,"85401 Webb Crescent
Port Haroldfurt, KS 79375"
1102793077,David,Peck,"5052 Joshua Estates Suite 075
Jackstad, IA 10605"
1102793078,Dalton,Wheeler,"378 Hall Roads Suite 051
Brookefurt, AK 13690"
1102793079,Amanda,Davis,"368 Harrison Plains Apt. 158
Brownshire, SD 17604"
1102793080,Evan,Landry,"71879 Garcia Dale
South Todd, NE 60066"
1102793081,Leslie,Smith,"78864 Ortiz Ways Suite 666
Taylorfort, SD 83149"
1102793082,James,Thompson,"94884 Parrish Cliff
Natalieland, GA 78290"
1102793083,Angela,Baxter,"127 Bailey Wells
Roseborough, AZ 97140"
1102793084,Samantha,Rosales,"2542 Diamond Springs
Harrisonport, NV 49123"
1102793085,Whitney,Anderson,"47328 Powell Rapid
Jessicaville, UT 30827"
1102793086,Matthew,Perkins,"597 Amber Turnpike
New Makayla, GA 66466"
1102793087,Diane,Lee,"09112 Lopez Fields Suite 840
Noahborough, MI 30102"
1102793088,David,York,"51017 Aimee Inlet Apt. 458
Allisonfort, DC 92465"
1102793089,David,Rodriguez,"1650 Ryan Valley
Fitzgeraldville, KY 09342"
1102793090,Bradley,Washington,"5793 Kathy Road
Kimberlymouth, SD 20095"
1102793091,Jeremiah,Jackson,"1948 Barry Cliff Apt. 606
New Heidi, UT 27680"
1102793092,Matthew,Campos,"5073 Bailey Via Suite 138
North Kylie, IL 82254"
1102793093,Dana,Cox,"2228 James Ways Suite 608
Lake Kathyberg, MS 42113"
1102793094,Erica,Kaufman,"9423 Cox Hill
Johnchester, FL 64746"
1102793095,Manuel,Campbell,"596 Thomas Parkway
South Paul, SC 31412"
1102793096,Diana,Williams,"9672 White Spring
Thorntonstad, WY 32599"
1102793097,William,Bell,"42308 Roy Villages Apt. 516
South Josephmouth, NY 98676"
1102793098,Edward,Buck,"7403 Cooke Cliffs
Alexishaven, OK 83185"
1102793099,Seth,Anderson,"PSC 8758, Box 4716
APO AE 13368"
1102793100,Robin,Hall,"94444 Copeland Run
Kevinmouth, MI 52758"
1102793101,Mark,Burns,"Unit 5679 Box 3853
DPO AA 23963"
1102793102,Heather,Keith,"0792 Hicks Islands Suite 755
South Anthonystad, MP 39648"
1102793103,Laura,King,"7026 Bruce Landing Suite 416
Zhangchester, AL 33455"
1102793104,Amanda,Dominguez,"97072 Michael Locks
North Meganmouth, OK 36283"
1102793105,Allison,Bonilla,"67121 James Flat Suite 510
Francesshire, GA 73314"
1102793106,Tammy,Lopez,"2676 Edward Prairie
Port Matthew, VI 42048"
1102793107,Ricky,Clayton,"580 Brandon Loaf
North Amberchester, SD 93858"
1102793108,Kevin,Pitts,"PSC 0348, Box 8873
APO AE 27750"
1102793109,Michael,French,"9425 Erickson Union Apt. 025
South Tammie, WA 65989"
1102793110,Katie,Murphy,"USS Schmidt
FPO AP 32839"
1102793111,Mark,Rowe,"300 Torres Unions Apt. 953
East Travis, MH 33156"
1102793112,Donna,Reilly,"04817 Clayton Via
South Joeton, VA 44858"
1102793113,Matthew,Garcia,"416 Cooper Walk
East Danielle, SD 88293"
1102793114,Denise,Jenkins,"939 Kelsey Junction Apt. 469
South Johnbury, NE 13361"
1102793115,Natalie,Romero,"016 Hill Crest Apt. 729
Lake Joe, KY 12248"
1102793116,Christina,Pacheco,"233 Fisher Ports
Grayburgh, FL 33315"
1102793117,Sherry,West,"90173 Rodriguez Crest Suite 356
Tammyton, AS 00773"
1102793118,Melissa,Guerrero,"339 Coleman Circles Suite 019
Kingberg, MI 33604"
1102793119,Anna,Miller,"72086 West Ridges
Turnershire, DC 82083"
1102793120,Wayne,Moore,"8691 Myers Courts Apt. 977
Port Kathleen, MN 30151"
1102793121,Alex,Thomas,"074 Ingram Spurs
New Codyton, AL 83807"
1102793122,George,Conrad,"80006 Brian Square
Port Ashleemouth, SD 56956"
1102793123,Mary,Green,"9592 Fowler Gardens Apt. 948
Davisside, VA 12627"
1102793124,Lawrence,Powers,"37659 Martin Route Apt. 040
Kimberlyfort, NM 88892"
1102793125,Jonathan,Moreno,"91893 Hernandez Road
New William, TN 66000"
1102793126,Eric,Matthews,"27918 Alexander Mount Suite 426
Port Crystalshire, AZ 61382"
1102793127,Timothy,Rose,"30546 Arnold Creek
Mcleanfort, DE 35343"
1102793128,Amy,May,"09527 Hunt Lights Suite 656
New Laurastad, MI 89185"
1102793129,Bonnie,Jensen,"8585 White Avenue Apt. 287
Katherineport, MA 19522"
1102793130,Debra,Perez,"PSC 8387, Box 0639
APO AP 83217"
1102793131,Laurie,Rosales,"36616 Kelsey Corners
Port Sharonshire, OK 27388"
1102793132,Elizabeth,Rogers,"531 Howard Greens
Perezburgh, GA 11348"
1102793133,Keith,Rice,"8753 Jeffery Lock
East Justin, AL 65009"
1102793134,Robert,Mccullough,"024 Parker Vista Apt. 201
Mitchellview, KY 94820"
1102793135,Michelle,Wright,"229 Orozco Crossroad
Stephenburgh, DC 30868"
1102793136,Felicia,Taylor,"49638 White Pine
West Jamesfurt, IN 95124"
1102793137,Jennifer,Avila,"2682 Raymond Key Apt. 219
North Angela, NY 44358"
1102793138,Matthew,Parker,"716 Parks Greens Apt. 471
New Michaelport, ND 38275"
1102793139,Felicia,Castro,"2509 Alexandra Mews
Port Denise, SC 30843"
1102793140,Karen,Dixon,"USS Sloan
FPO AA 20160"
1102793141,Lisa,Anderson,"USCGC Hill
FPO AA 99735"
1102793142,Ronald,Smith,"41820 Patrick Center Apt. 144
Lake Darius, IA 72022"
1102793143,Sandra,Nguyen,"0181 Hensley Underpass
Port Logan, AL 51428"
1102793144,Aaron,Horn,"35312 Kim Pass Apt. 950
Lake Tracifort, CT 14415"
1102793145,Jacob,Gomez,"7951 Underwood Plains Apt. 896
New Carrie, NE 13629"
1102793146,Tony,Blanchard,"73144 Burnett Villages
Port Jesseborough, UT 43252"
1102793147,Eric,Guerrero,"5500 Espinoza Mall
New Douglasview, DC 45056"
1102793148,Amanda,Quinn,"74089 Bush Station
Jessicaburgh, KY 49571"
1102793149,Shawn,Bass,"19641 Bailey Roads
Padillabury, MN 33072"
1102793150,Andrew,Johnson,"250 Fernandez Grove Apt. 924
Lewisport, MI 13797"
1102793151,Maureen,Villarreal,"1521 Tammie Dale Suite 204
Edwardmouth, MI 66451"
1102793152,Melinda,Malone,"67901 Jessica Mill Suite 311
South Cody, NH 30398"
1102793153,Joshua,Rodriguez,"31095 Dakota Spur Suite 364
Port Allisonside, GA 27936"
1102793154,Amy,Thornton,"03217 Nicole Valleys Apt. 349
Mistyport, GA 28190"
1102793155,Kathleen,Castillo,"436 Ruiz Brook Apt. 297
South Ashleyburgh, RI 94387"
1102793156,Kristen,Chambers,"Unit 5597 Box 8466
DPO AE 73282"
1102793157,Steven,Spencer,"2080 Osborn Village Suite 479
Port Kyleland, NV 53660"
1102793158,Charles,Williams,"PSC 6629, Box 1910
APO AE 91870"
1102793159,Nicholas,Morris,"575 Blair Islands Suite 908
North Melissaview, VI 22445"
1102793160,Joel,Cook,"17243 Jeffrey Field Apt. 309
Mccarthyton, AL 81435"
1102793161,Victoria,Martinez,"159 Diaz Summit
Hansenburgh, MP 14386"
1102793162,Michael,Garcia,"199 Timothy Flats Suite 222
Harmonfort, ND 84887"
1102793163,Anthony,Peterson,"966 Alexander Summit
North Jimfort, CT 57042"
1102793164,Kimberly,Scott,"9422 Lisa Summit Apt. 085
Suarezview, MP 49006"
1102793165,Gregory,Lopez,"012 Hanna View Suite 468
Websterstad, VI 22990"
1102793166,James,Jones,"441 Roberts Tunnel Apt. 116
Stanleytown, ID 14549"
1102793167,Kimberly,Peterson,"24482 Ariana Greens Apt. 083
New Davidborough, AS 60366"
1102793168,Larry,Rogers,"080 Harmon Mountains
East Erikland, IL 20231"
1102793169,Jack,Barrett,"868 Johnathan Hill Apt. 691
South Alicia, MT 02887"
1102793170,Melissa,Stephens,"112 Mary Manor Suite 432
Rothbury, ID 42170"
1102793171,Heather,Lane,"1970 Larsen Fort
Port Whitney, TN 62683"
1102793172,Alyssa,Miller,"6327 Johnson Pine Suite 323
Port Nancy, VI 12815"
1102793173,Jeremy,Lee,"39279 Martin Mount Suite 074
Deanstad, MP 71033"
1102793174,Randy,Moore,"208 Justin Ports
Blanchardmouth, GU 71126"
1102793175,Anthony,Bauer,"363 Holder Parkways Suite 238
Stokesberg, VT 05301"
1102793176,April,Wong,"1373 Patel Falls
Teresabury, AL 51789"
1102793177,Catherine,Pearson,"455 Delgado Mall Suite 543
Ibarraborough, IL 61061"
1102793178,Lindsay,French,"980 Adam Forks
Ramireztown, MO 18480"
1102793179,Matthew,Santos,"38248 Trevino Knoll Suite 897
Davisside, AK 52832"
1102793180,Eric,Marshall,"PSC 7451, Box 2684
APO AP 31774"
1102793181,Jennifer,Calderon,"23585 Carpenter Stravenue Apt. 443
Edwardshire, MI 20202"
1102793182,Edward,Johnson,"07647 Rose Locks Apt. 987
East Cherylside, PA 85056"
1102793183,Jasmine,Coleman,"8449 Dana Lane
New Karenstad, OR 96945"
1102793184,Rodney,Beasley,"5646 Shelby Gardens
Lake John, NJ 69714"
1102793185,Julian,Torres,"0482 Denise Plains Suite 822
North John, MO 90073"
1102793186,Matthew,Mcknight,"PSC 3442, Box 7512
APO AE 11546"
1102793187,Cassidy,Tucker,"0671 Jones Isle Apt. 620
North Antonio, UT 79606"
1102793188,Connie,Allen,"9082 Murphy Corner
North Monicabury, KY 85622"
1102793189,Darrell,Walker,"3741 Johnson Square
Peckburgh, MS 11489"
1102793190,Sierra,Flores,"77998 Underwood Groves Suite 745
Valerieland, MN 20177"
1102793191,Kimberly,Thompson,"344 Walker Viaduct Suite 032
Brendaton, KY 18836"
1102793192,Matthew,Adams,"277 Abigail Vista
Port Luis, VI 04807"
1102793193,Cynthia,Roy,"PSC 2721, Box 5231
APO AP 47093"
1102793194,Shirley,Marquez,"560 Edward Flats
Kimberlyland, WY 08692"
1102793195,Melissa,Bennett,"7373 Madden Camp
West Susanmouth, IL 09521"
1102793196,Danielle,Diaz,"88122 Larson Stream
South Thomas, MO 84677"
1102793197,Michael,Austin,"25097 Steven Avenue
Port Jillian, DE 77258"
1102793198,Jonathan,Simpson,"296 Heather Pines
East Katie, FM 23316"
1102793199,Nicholas,Myers,"05198 Michael Groves
Christopherchester, GA 54381"
1102793200,Samantha,Gaines,"12067 Boyd Harbor
Ramirezland, CT 50755"
1102793201,Sarah,Kemp,"939 Sarah Streets Suite 967
Amberberg, SD 47291"
1102793202,Elijah,Gibson,"92716 Judith Dam
Joshuaville, SC 84257"
1102793203,Crystal,Holt,"72388 David Corners
New Michael, NV 42430"
1102793204,Margaret,Mejia,"12011 Grant Bridge
New Donna, WV 03041"
1102793205,Brian,Diaz,"30971 Hughes Inlet Apt. 762
East Markfort, AS 37036"
1102793206,James,Wiggins,"6477 Michael Circle
Kimberlyhaven, VA 47616"
1102793207,Nicholas,Crosby,"3603 Julie Views Apt. 802
Abigailshire, ND 35808"
1102793208,Maria,Walker,"39420 Gonzalez Square Apt. 111
North Marcborough, TN 73271"
1102793209,Ann,Barnes,"2622 Payne Walk Apt. 188
Jenniferfurt, ND 87747"
1102793210,Joshua,White,"77706 Thomas Prairie Apt. 058
Bakerchester, KS 09301"
1102793211,Morgan,Sanchez,"19258 Kara Ramp Apt. 421
Hortonmouth, AS 98894"
1102793212,Laura,Patterson,"55194 Miller Extensions
Port Stephenville, NC 46707"
1102793213,Timothy,Sheppard,"2478 White Skyway
New Dustinbury, NJ 72179"
1102793214,Dustin,Acosta,"05591 Sara Harbors
Brandonfurt, TN 07925"
1102793215,Chad,Hood,"0265 Thomas Mountain
Gonzaleztown, NH 55640"
1102793216,Holly,Lozano,"20494 Gibson Park Suite 984
Scottview, LA 43913"
1102793217,Ariel,Cook,"4903 Davis Curve Suite 207
North Sherry, MS 29456"
1102793218,Tony,Bennett,"05813 Robin Keys
Gravesside, NE 87333"
1102793219,Alexandra,Terry,"5425 Rhodes Meadow
Sydneyburgh, NC 79087"
1102793220,Karen,Lawrence,"8051 Martinez Flats Apt. 343
West Jennifer, WY 35619"
1102793221,Ashlee,Fitzpatrick,"957 Jeffrey Dale
West Seanbury, AR 89893"
1102793222,William,Garcia,"169 Matthew Flat
Kimberlyhaven, TX 24959"
1102793223,Lisa,Jackson,"3171 Wang Gardens
Gallegosbury, KY 50979"
1102793224,Robert,Kelly,"204 Cohen Inlet
Ochoashire, ID 93518"
1102793225,Kelly,Smith,"67069 Adams Place Suite 143
Gloverport, IN 21898"
1102793226,Grant,Kennedy,"940 David Village Apt. 002
Danieltown, WA 35672"
1102793227,Mary,Mcclure,"88727 Daniel Passage
Port Jerry, ID 96602"
1102793228,Vanessa,Peterson,"866 Thomas Summit Suite 246
Clinestad, IA 75732"
1102793229,Emily,Cook,"283 Warren Cliff Apt. 866
Paulview, FM 85453"
1102793230,Lucas,Harvey,"66567 John Plaza Suite 324
Hartland, SC 75859"
1102793231,Oscar,Hart,"4751 Nelson Brook Suite 465
Jamesberg, RI 49708"
1102793232,Steven,Yang,"7125 Lindsey Avenue Apt. 733
West Kevin, OR 08341"
1102793233,Ricky,Kelly,"178 Hampton Mill
Lake Katherinebury, AL 17237"
1102793234,Derrick,Gillespie,"448 Ashley View
Howardland, MI 81756"
1102793235,Alexander,Miller,"131 Caitlin View Apt. 247
North Wyattburgh, LA 61376"
1102793236,Jeremy,Reed,"132 Owens Meadows
North Nicole, SD 76567"
1102793237,Gabrielle,Myers,"USNV Oconnor
FPO AP 39498"
1102793238,Michael,Garza,"61596 Martinez Stravenue
North Kimberlyfort, NC 90977"
1102793239,Nathan,James,"082 Dennis Cliff Suite 101
Lake Susan, MH 41979"
1102793240,Laurie,Ryan,"6708 Lee Ville Suite 062
Adriennestad, WV 27359"
1102793241,Patrick,Martin,"USS Owen
FPO AE 17300"
1102793242,Rebecca,Hansen,"6825 Huang Squares
Michaelhaven, NE 74674"
1102793243,Jordan,Le,"76497 Mccoy Mills
Lake Mckenzie, RI 47491"
1102793244,Michael,Mcdaniel,"33181 Ashley Mills
South Jayside, VT 99813"
1102793245,Tracy,Hunter,"188 Simpson Street
Monicafort, MI 61012"
1102793246,Daisy,Lopez,"784 Edward Parks Apt. 054
Sarashire, RI 00864"
1102793247,Madison,Jackson,"51240 Smith Place
North Hannahport, SD 81938"
1102793248,Walter,Thomas,"171 Wheeler Centers Suite 195
New Jennifer, NY 19322"
1102793249,Jason,Sullivan,"USS Miller
FPO AA 93982"
1102793250,Catherine,Clark,"70645 Campbell Rapid Suite 535
Edwardside, ID 79951"
1102793251,Jennifer,Ward,"1075 Emma Light
North Ashley, FL 24041"
1102793252,Pamela,Flores,"9116 Shawn Unions
North Jillianstad, ID 17202"
1102793253,Tyler,Jensen,"USNV Ford
FPO AP 29641"
1102793254,Sarah,Norton,"96419 Kathleen Prairie
South Elizabethport, NE 96326"
1102793255,Brittany,Walker,"34844 Richard Gardens
Thomasland, WY 77058"
1102793256,Laura,Woods,"6836 Christopher Meadow
Christopherburgh, GA 89283"
1102793257,Mark,Huber,"05902 Sheri Falls Suite 208
Michaelshire, NY 73727"
1102793258,April,Johnson,"848 Tucker Lake
Aaronbury, CT 41218"
1102793259,Tabitha,Rasmussen,"782 Lowe Knolls
Lake Willie, MI 35902"
1102793260,Kellie,Johnson,"584 Ethan Gardens Suite 693
Samanthafort, IN 87443"
1102793261,Steven,Carroll,"261 Gregory Point
Lake Victoriaton, TX 69864"
1102793262,Jennifer,Davis,"4225 Rita Shores
New Ericport, PW 53043"
1102793263,Christopher,Jordan,"PSC 6307, Box 0379
APO AP 84740"
1102793264,Raymond,Brown,"444 Christopher Row
North Jenniferport, OR 38316"
1102793265,Kimberly,Mann,"890 Shawn Crossing
Sullivanview, MH 22741"
1102793266,Heather,King,"Unit 6970 Box 5211
DPO AP 02068"
1102793267,Patricia,Lin,"86854 Phillips Mission Suite 394
New Roseland, VT 23500"
1102793268,Amanda,Anderson,"814 Pearson Rapids Suite 634
Millerborough, SD 43397"
1102793269,Walter,Adams,"131 Stacy Route
Prattchester, CO 89625"
1102793270,Joseph,Gamble,"6753 Edwards Mount
New Lindamouth, AK 44224"
1102793271,Jenny,Rice,"2370 Mary Circle
Lopezburgh, FL 34924"
1102793272,Jessica,Warren,"44451 Dustin Place
Port Barbara, AK 51165"
1102793273,Kristen,Chapman,"98920 Crystal Plaza Apt. 609
Kennethhaven, DC 22933"
1102793274,Lisa,Taylor,"USNV Fritz
FPO AP 48013"
1102793275,Elizabeth,Fuller,"894 Pamela Harbors
Russellport, GA 96798"
1102793276,Mark,Torres,"658 Moore Extensions Suite 313
Wrighthaven, WA 93978"
1102793277,Colton,Hess,"4582 Emily Stravenue
East Laura, LA 13697"
1102793278,Maurice,Perez,"219 Ryan Crest Suite 266
New Michael, MA 23997"
1102793279,Mark,Woodard,"02057 Nicole Manors Apt. 819
South Davidchester, AK 56076"
1102793280,Felicia,Gonzales,"69711 Valerie Union
Shanestad, SD 22011"
1102793281,Samuel,Hartman,"PSC 4104, Box 1372
APO AP 86945"
1102793282,Johnny,Sanchez,"098 Scott Loop Suite 824
West Jacobstad, ND 20532"
1102793283,Brian,Pham,"46967 Patricia Port Suite 845
New Jessicaton, MH 71203"
1102793284,Jennifer,Richardson,"1422 Jorge Key Apt. 564
Port Colton, MD 16896"
1102793285,Carrie,Lopez,"008 Terri Forges Apt. 997
Floresside, NC 88360"
1102793286,Katelyn,Jones,"0586 Rachel Cliff
East Bobbyhaven, DC 26267"
1102793287,William,Gallegos,"96160 Samantha Islands
Beltranland, FL 83183"
1102793288,Jamie,Clark,"9673 Morales Heights
Longmouth, VA 90519"
1102793289,Laura,Hampton,"1876 Hayden Road Suite 076
Bryanthaven, CA 91953"
1102793290,Adam,Patel,"4031 Espinoza Highway Apt. 403
New Lynn, MI 82079"
1102793291,Jonathan,Bailey,"0751 Long Club Suite 870
East Christophermouth, MI 12440"
1102793292,Kelly,Cochran,"208 Charles Brook
East Jenny, GA 40332"
1102793293,Kimberly,Farmer,"5662 David Shore Apt. 952
North Megan, MO 11230"
1102793294,Dennis,Foley,"42322 Tammy Via
Michaelberg, AL 13284"
1102793295,Ryan,Scott,"2751 David Heights
West Cody, DE 93595"
1102793296,Amanda,Palmer,"439 Smith Walk
North Eric, PR 18210"
1102793297,Barbara,Torres,"4214 Merritt Plains Suite 112
East Brianhaven, VA 64411"
1102793298,Nicole,Hicks,"2915 Jessica Curve Apt. 265
Ochoamouth, VA 23903"
1102793299,Kristin,Sanchez,"38791 Alexandra Valleys Apt. 211
Christopherhaven, GU 19345"
1102793300,Justin,Roy,"0813 Wayne Spurs
Morenoton, KS 00608"
1102793301,Jennifer,Elliott,"4730 King Valley Suite 821
West Michelle, WI 91524"
1102793302,Lori,Chung,"3360 Joanna Bridge
South Adam, MO 71752"
1102793303,Chad,Charles,"0150 Higgins Way
Port Cameronview, SC 62538"
1102793304,Margaret,Brown,"Unit 9047 Box 5816
DPO AE 83880"
1102793305,Taylor,Kim,"432 Amy Meadow Suite 801
West Patriciashire, HI 76186"
1102793306,Teresa,Campbell,"9038 Cynthia Plains
South Jonathan, PW 44001"
1102793307,Ashley,Wilson,"24293 Rowland Locks
Port Vickie, NE 05022"
1102793308,Karen,Alvarado,"5869 King Squares Suite 529
Carlsonstad, CA 14809"
1102793309,Sherry,Garcia,"47936 Nicole Mountain
West Kimberly, FL 64604"
1102793310,Edward,Jackson,"7327 Smith Crossing
Katherineshire, MI 20951"
1102793311,Kelly,Joyce,"28805 Joel Corner Apt. 624
New Cheryl, OH 91594"
1102793312,Samuel,Gardner,"941 Richard Trail
East Sheila, CO 54974"
1102793313,Johnathan,Thornton,"17706 Cortez Club Apt. 087
New Nicholas, NH 21900"
1102793314,Jason,Kelly,"270 Tucker Wall
Johnsonhaven, MH 88527"
1102793315,Elizabeth,Allen,"8850 Chavez Hollow Suite 694
Diazfort, AZ 42867"
1102793316,Kimberly,Brooks,"858 Jennifer Row
Caitlinville, MN 40416"
1102793317,Dawn,Elliott,"Unit 3050 Box 0219
DPO AE 63130"
1102793318,Tonya,Macdonald,"81342 Molina Roads Apt. 879
Reyesmouth, NM 84742"
1102793319,Heather,Carter,"16489 Matthew Hollow
South Richardburgh, GA 79204"
1102793320,Edward,Waller,"4338 Mary Inlet Suite 048
North Shane, CO 52268"
1102793321,Jonathan,Williams,"716 Shannon Turnpike
Jonesshire, SC 72476"
1102793322,Nicholas,Johnson,"56758 Renee Summit
Davismouth, NJ 96719"
1102793323,Kathy,Wilson,"926 Jennifer Prairie Suite 792
Dunnborough, NJ 11824"
1102793324,Mandy,Hobbs,"5100 Monroe Ports Apt. 029
Port Davidburgh, CA 02240"
1102793325,Jane,Mitchell,"84836 Justin Circles
Annaview, WV 30017"
1102793326,Victoria,Robinson,"Unit 1099 Box 7738
DPO AA 74639"
1102793327,Joseph,Roberts,"8280 David Throughway
Aaronbury, AS 75723"
1102793328,Melissa,Lee,"13905 Vega Spurs
Lake Willie, NJ 31684"
1102793329,Barbara,Reyes,"03016 Courtney Springs Apt. 769
West Malikbury, GA 78221"
1102793330,Christopher,Butler,"156 Margaret Brooks
Kingville, AL 36753"
1102793331,Jacob,Campos,"745 Mccann Hills
Port Ryan, AZ 69962"
1102793332,Calvin,Patterson,"923 Taylor Branch Suite 308
Haynesville, AL 96652"
1102793333,Sheila,Peters,"706 Michael Dale
West Cheryl, FL 85838"
1102793334,Xavier,Peterson,"27670 Nicole Park
Angelashire, NE 79569"
1102793335,Katherine,King,"07853 Cheryl Loop
Brownberg, NC 22626"
1102793336,Karen,Osborne,"508 West Neck
Lake Danielstad, GU 80844"
1102793337,Richard,Harris,"199 Clark Points Suite 819
Smithstad, VA 52358"
1102793338,Jessica,Stevens,"56161 Vasquez Park
West Kathyton, NY 36974"
1102793339,Elizabeth,Yang,"79596 Catherine Gateway
Wallerburgh, NE 41221"
1102793340,Laura,Erickson,"75017 Chapman Row Suite 053
Lake Hannah, IN 62293"
1102793341,Emily,Hester,"951 Daniel Haven Suite 377
Derrickshire, IN 54941"
1102793342,Christopher,Poole,"118 Lowe Streets
Rayshire, KS 56403"
1102793343,Alexander,Jones,"93699 Wall Green Apt. 252
New Benjaminshire, WY 92048"
1102793344,Robert,Costa,"43416 Rebecca Fords
North Samanthaberg, LA 56767"
1102793345,Mario,Roach,"PSC 3221, Box 6568
APO AE 83406"
1102793346,Michael,Allen,"5830 Olsen Common Apt. 805
New John, PA 04997"
1102793347,Michael,Whitehead,"361 Chandler Stravenue
North Jacobville, HI 62182"
1102793348,Maria,Braun,"531 Kim Orchard Suite 715
South Jessica, MP 87434"
1102793349,Blake,Conley,"9418 Wilson Ridge
Barajasside, NH 35512"
1102793350,Denise,Martinez,"USNV Hoffman
FPO AE 94037"
1102793351,Nathan,Davis,"PSC 7244, Box 9960
APO AP 33733"
1102793352,Jennifer,Cardenas,"5905 Williams Causeway Suite 102
New Jenniferview, WV 98462"
1102793353,Laura,Frazier,"75108 Sheri Ramp
Gomezton, AR 89630"
1102793354,Victor,Smith,"270 Rebecca Mills
Lake Rachelstad, FM 92410"
1102793355,Brett,Smith,"278 Benitez Key Suite 590
Smithberg, GU 60180"
1102793356,Casey,Lopez,"878 Ricky Lodge Suite 924
Smithland, FM 45583"
1102793357,Martin,Miller,"33505 Flores Freeway Apt. 121
Port Amandaside, GA 43156"
1102793358,Dean,Palmer,"475 April Camp
Lake Alicefort, NJ 56624"
1102793359,Amanda,Lambert,"728 Faulkner Port
South Susanberg, NJ 65823"
1102793360,Loretta,Acosta,"Unit 1384 Box 8478
DPO AP 32537"
1102793361,Susan,Warner,"139 Nathan Crescent Suite 015
North Sethshire, NM 08610"
1102793362,Ann,Goodwin,"93975 Reid Rapid Apt. 600
Rileyberg, GU 97430"
1102793363,Robert,Baldwin,"007 Richard Turnpike
West Darrenmouth, KY 60934"
1102793364,Denise,Griffin,"77885 Thompson Island
Miguelchester, HI 18789"
1102793365,Robert,Molina,"USCGC Valenzuela
FPO AE 79270"
1102793366,Cynthia,Sanders,"720 Krystal Villages
Alvaradoton, NY 41058"
1102793367,Megan,Munoz,"USS Robertson
FPO AE 69709"
1102793368,Rebecca,Lambert,"4927 Wright Fields Suite 200
Port Lisa, KY 59834"
1102793369,James,Brooks,"2765 Shaun Hill
Adrianland, DE 26972"
1102793370,Brian,Rivas,"3088 Jason Underpass
Port Travisberg, CA 01754"
1102793371,Teresa,Conner,"1220 Chad Village Apt. 301
Lake Andre, TN 69107"
1102793372,Andrew,Taylor,"5422 Molina Ridge Suite 352
Willisberg, NM 23243"
1102793373,Christopher,Booth,"775 Hansen Circles Suite 211
West Natalie, AK 46535"
1102793374,Derrick,Wilson,"510 Daisy Springs Suite 739
Lake Theresachester, AK 26692"
1102793375,Jesse,Stewart,"8861 Blanchard Port
Markville, IL 44191"
1102793376,Monique,Hurley,"7339 Smith Drives Apt. 352
Garciaburgh, SD 39211"
1102793377,Amy,Barrett,"175 Matthew View
Hodgeberg, MI 32972"
1102793378,Tina,Young,"284 Anderson Meadows Suite 891
North Derekstad, UT 74853"
1102793379,Justin,Gardner,"12042 Baxter Trail
Kennethbury, CA 36105"
1102793380,Melanie,Reid,"410 Gary Isle
Santosburgh, CA 38827"
1102793381,Christina,Greene,"6258 Brett Crossing Apt. 411
South Mary, IL 81048"
1102793382,Blake,Butler,"070 William Ridges Apt. 419
Port James, PW 27667"
1102793383,Kristi,Martin,"PSC 4375, Box 9658
APO AA 33123"
1102793384,Mike,Davenport,"0485 Patricia Pass
West Christophertown, AK 77649"
1102793385,Emily,Spears,"Unit 1756 Box 6906
DPO AA 16520"
1102793386,Julia,Stephens,"087 Allison Isle
Davishaven, WY 86710"
1102793387,Joshua,Casey,"392 Parker Drives
South Wendyton, PA 32719"
1102793388,Christian,Jackson,"6655 Franco Glens Suite 407
Taylorchester, GA 15077"
1102793389,Tina,Flores,"07832 Judith Lock Suite 623
Jerrytown, NY 57123"
1102793390,Jennifer,Green,"3717 Watson Manors Apt. 994
South Derek, ME 73192"
1102793391,Nicole,Wise,"33761 Logan Club Suite 292
Williamberg, GU 82522"
1102793392,Isabella,Wilson,"15055 Shirley Loop Apt. 702
Lake Jasonmouth, NJ 69196"
1102793393,Jennifer,Jones,"444 William Mountains Apt. 699
Sanchezhaven, HI 48357"
1102793394,Amber,Wilson,"PSC 3011, Box 9371
APO AA 76666"
1102793395,Ian,Duran,"Unit 6794 Box 3719
DPO AP 62639"
1102793396,Lori,Wallace,"913 Thomas Gateway
East Jasmineshire, NC 64676"
1102793397,Jose,Austin,"526 Christopher Lodge Apt. 272
Pittmantown, MD 38746"
1102793398,Lori,Humphrey,"641 Ponce Plaza Suite 152
South William, MT 61614"
1102793399,Leah,Townsend,"061 Spencer Manors Apt. 369
West Alisonport, NM 45778"
1102793400,Antonio,Farrell,"USS Reese
FPO AA 67653"
1102793401,Lee,Turner,"7557 Cassandra Well Suite 668
Campbellfurt, ND 79268"
1102793402,Tyler,Whitehead,"570 William Highway Suite 428
Hughesborough, PR 56442"
1102793403,Martha,Smith,"07545 Jason Trail Suite 336
North Williamport, NV 93670"
1102793404,Kimberly,Edwards,"3590 Ruth Harbors
Youngstad, PR 93174"
1102793405,Heather,Rivers,"570 Smith Highway
Garciachester, ND 61960"
1102793406,Julie,Taylor,"97693 Edgar Rapids Suite 523
Atkinsville, NJ 39968"
1102793407,Michael,Smith,"53148 Lang Village Apt. 478
Jenningshaven, KS 02440"
1102793408,Amanda,Carney,"8409 Chang Ridge Apt. 979
South Matthew, FL 92717"
1102793409,Jamie,Fox,"927 Turner Locks Apt. 582
East Betty, NC 38288"
1102793410,Lisa,Williams,"874 Kim Vista Apt. 774
Port Christina, WI 06940"
1102793411,Jeffrey,Garcia,"0315 Jimenez Lights
Harrisonside, NE 19654"
1102793412,Jeffrey,Burke,"478 Brian Mills
Desireemouth, IA 04966"
1102793413,Glen,Torres,"PSC 8694, Box 2868
APO AE 31925"
1102793414,Scott,Gillespie,"Unit 8792 Box 7462
DPO AA 43428"
1102793415,Robert,Sutton,"4471 Valdez Ranch Suite 526
Fowlershire, IA 66146"
1102793416,Bryan,Miller,"0498 James Expressway
Port Matthewborough, IN 62607"
1102793417,Alexa,Sampson,"5923 Ramos Viaduct
Lake Kayla, ND 47488"
1102793418,Paul,Boyer,"9426 Rodriguez Inlet Apt. 330
Singletonborough, RI 12630"
1102793419,Eric,Hanson,"46301 Taylor View
Zhangberg, MT 79992"
1102793420,Rodney,Dunn,"PSC 1945, Box 3975
APO AA 84597"
1102793421,Paul,Phillips,"28677 Kristin Plaza Suite 441
Stevenland, MT 20057"
1102793422,Kimberly,Ramirez,"USS Wagner
FPO AP 87051"
1102793423,Patricia,Mitchell,"USCGC Wade
FPO AE 39910"
1102793424,Tom,Rose,"54099 Kim Stream
New David, CA 12203"
1102793425,Virginia,Spencer,"USNV Herrera
FPO AA 28287"
1102793426,Kelly,Gibson,"212 Simmons Prairie
North Kelly, NE 42604"
1102793427,Tyler,Williams,"801 Joseph Views
East Donald, NV 47321"
1102793428,Jacqueline,Boyer,"27109 Julie Plains Suite 525
New Tristanview, NC 65590"
1102793429,Adam,Chavez,"0813 Stein Estate Apt. 998
North Anthonyhaven, WA 61480"
1102793430,Steve,Ellis,"66510 Wallace Vista Suite 382
Lake Robert, HI 44404"
1102793431,Steven,Stone,"3096 Ruth Village Suite 539
Debramouth, MA 03244"
1102793432,Meghan,Diaz,"853 Long Inlet Suite 208
Carlaview, VA 95356"
1102793433,Riley,Acosta,"903 Patricia Pike
Mauriceside, GU 15307"
1102793434,Garrett,Mendoza,"912 Katelyn Knoll
Davidmouth, NM 41181"
1102793435,Stacey,Martinez,"722 Berry Summit
Turnerfort, GA 35036"
1102793436,Gloria,Floyd,"USS Mclaughlin
FPO AE 16222"
1102793437,Angela,Holloway,"06152 Susan Crescent
Anthonyville, MN 58620"
1102793438,Tyler,Conner,"934 Monica Fall
Calvintown, IN 08210"
1102793439,Justin,Owens,"9207 Chaney Key Suite 500
Frankton, ND 50659"
1102793440,George,Zimmerman,"38697 Nathaniel Burg
Bryanstad, NE 25999"
1102793441,Susan,Wilson,"035 Kathleen Heights
Lindastad, MS 33805"
1102793442,Benjamin,Ward,"675 Chad Trail
Port Gabrielside, AL 57700"
1102793443,Dennis,Thomas,"5764 Ortiz Circles Suite 536
Kevinborough, IA 75390"
1102793444,Natasha,Barnes,"94085 Jeffery Rest Suite 085
Stricklandfort, WY 88187"
1102793445,Ryan,Nguyen,"52354 Sutton Motorway
South Arthur, NE 14643"
1102793446,Hector,Hernandez,"0333 Melanie Hill
East Amy, WY 30132"
1102793447,Michael,Pacheco,"56020 Hernandez Neck Suite 473
Martinborough, UT 97104"
1102793448,Timothy,Lewis,"4524 Pearson Via
Victoriamouth, AZ 94202"
1102793449,Jennifer,Munoz,"01488 Brianna Trafficway Suite 729
Brianfurt, DC 52699"
1102793450,Bonnie,Carroll,"937 Richard Centers
East Jodi, ND 95481"
1102793451,Brent,Lawson,"04111 Marcus Lights
Morrisbury, DE 64500"
1102793452,Molly,Walker,"3660 Katherine Vista Apt. 130
Lunamouth, MH 76665"
1102793453,Kimberly,Walker,"02544 Patricia Path
Margarettown, MT 13964"
1102793454,Jennifer,Hicks,"490 Weaver Crest
New Jessica, MT 14607"
1102793455,Sara,Weeks,"Unit 7533 Box 9289
DPO AA 79140"
1102793456,Jay,Liu,"PSC 2595, Box 8810
APO AA 09802"
1102793457,Brittany,Harris,"943 Phillips Lodge Suite 210
South Jennifer, LA 77749"
1102793458,Aaron,Johnson,"2911 Andrew Forges Suite 714
New Brianburgh, MS 27548"
1102793459,Jesus,Hunter,"5579 Rebecca Falls Apt. 885
Port David, NY 40942"
1102793460,Brenda,Kim,"630 Kristen Stravenue Apt. 111
Adamburgh, NJ 75088"
1102793461,Joseph,Browning,"71785 Elizabeth Village
Port Michelle, FL 90098"
1102793462,Amy,Rodriguez,"6614 Huang Lake
Lake Tiffanyfort, OH 05384"
1102793463,Cody,Hodges,"5265 Duncan Village Apt. 604
Mckenziehaven, AR 39258"
1102793464,Joshua,Church,"68264 Miller Run Suite 139
Alanmouth, AZ 76384"
1102793465,Paul,Campbell,"494 Ramsey Fork Apt. 634
Jessicamouth, ME 28109"
1102793466,Kimberly,Powers,"477 Robert Plaza
Maddenchester, NC 07116"
1102793467,Steve,Kane,"20360 Wright Circle Apt. 788
Alexanderfurt, TN 79258"
1102793468,Christina,Schmidt,"09754 Morris Crest
Hendersonfort, WI 57246"
1102793469,Eric,Santiago,"381 Freeman Trail Suite 773
Perkinsshire, KS 38619"
1102793470,Bryan,Floyd,"40576 Schultz Extension Suite 159
West Melindaburgh, TN 68941"
1102793471,Daniel,Mosley,"19342 Brandon Corner
Burgessland, LA 18393"
1102793472,Deborah,Dunn,"78243 Dylan Underpass Suite 004
Montgomeryfort, CA 25716"
1102793473,Ryan,Phillips,"058 Todd Courts Apt. 105
East Jennyland, CA 66971"
1102793474,Tiffany,Fuller,"9609 Christina Lodge
West Ashley, AZ 07776"
1102793475,Leslie,Oliver,"USNV Robertson
FPO AE 37772"
1102793476,Gina,Perez,"60114 Elaine Crescent
Brandyburgh, FM 70622"
1102793477,Michael,Alexander,"2731 Danielle Spur
North Emmaburgh, FL 90982"
1102793478,Erica,Reed,"651 Lawson Street
Petersonside, RI 49353"
1102793479,Michele,Anderson,"5122 Hill Rest Apt. 580
South Emily, MA 66860"
1102793480,Sheila,Mcdowell,"465 Sullivan Dale Apt. 298
Mooreside, MT 19009"
1102793481,Blake,Olson,"64771 Dawn Port Apt. 182
Whiteberg, AL 91026"
1102793482,Samuel,Johnston,"1912 Graham Burg
West Richardfurt, AZ 85952"
1102793483,Mackenzie,Terrell,"61716 Richard Brooks
Angelashire, OH 09360"
1102793484,Andrew,Medina,"6672 Phillip Drive Suite 345
Port Michael, CA 43953"
1102793485,Timothy,Horton,"807 April Via Apt. 270
South Christopherfurt, NH 17998"
1102793486,William,Hernandez,"1067 Thompson Ferry Suite 889
East Wesley, IN 76653"
1102793487,Catherine,Frederick,"Unit 7150 Box 5288
DPO AA 88627"
1102793488,Carol,Rodriguez,"2874 Elizabeth Park Apt. 073
New Luis, NH 67531"
1102793489,Timothy,Smith,"163 Kelly Parkway Apt. 656
Port Debraberg, ID 09496"
1102793490,Emily,Moore,"USNV Jensen
FPO AE 55888"
1102793491,Jessica,Ramirez,"05464 Baker Rue Apt. 305
Madisonville, AZ 37195"
1102793492,Alicia,Rose,"8490 Hansen Land Suite 700
Kirbyland, RI 93122"
1102793493,Mark,Moore,"3083 Wilson Lodge
West Melissa, MN 92034"
1102793494,Victoria,Lutz,"800 Peters Vista
Lyonsmouth, TX 16854"
1102793495,Adam,Wong,"422 Rodgers Course Apt. 108
Jonesville, GU 95795"
1102793496,Julian,Downs,"PSC 6667, Box 0308
APO AE 27919"
1102793497,Tara,Lynn,"843 Dennis Meadow
Romeroshire, MI 90611"
1102793498,Ashley,Smith,"126 William Squares
Flowerschester, MP 75540"
1102793499,Keith,Sexton,"4591 Hill Pine
Christiantown, IA 93282"
1102793500,Ashley,Crane,"USCGC Jensen
FPO AE 46333"
1102793501,Karen,Price,"5285 Nicole Gateway
Janiceshire, NV 28101"
1102793502,Rita,Ross,"28085 Jackson Field
Andrewbury, UT 83901"
1102793503,Scott,Young,"414 Wilson Mall
New Melaniebury, OR 78093"
1102793504,Beth,Watkins,"60588 Hansen Wells Apt. 811
West Robert, GA 54841"
1102793505,Stephanie,Ryan,"313 Samantha Junctions Suite 126
Danielside, NV 91674"
1102793506,David,Lopez,"381 Michael Park Apt. 279
East Francesberg, AK 11193"
1102793507,Ray,Bell,"350 English Field
Lake Lindseyfort, OK 73388"
1102793508,Bryce,Dominguez,"446 Aguirre Avenue
Castrostad, IA 14077"
1102793509,Amanda,Weber,"Unit 4265 Box 9047
DPO AP 87764"
1102793510,Barry,Brown,"789 James Junctions Apt. 561
South Mariah, VT 61566"
1102793511,Christopher,Day,"078 Alan Camp Suite 617
South Markshire, MH 84580"
1102793512,Mike,Osborn,"1715 Madison Roads
Port Joshua, OH 39697"
1102793513,Douglas,Williams,"4684 Nathan Bridge
Mayport, KS 25182"
1102793514,Kevin,Juarez,"USNV Wright
FPO AP 17352"
1102793515,Cassandra,Shaw,"942 Lauren Well
Hostad, SC 28882"
1102793516,Timothy,Herrera,"38086 Bradley Circles Suite 656
Ellisside, AL 93694"
1102793517,Alexandra,Turner,"440 Kelli Trace
New Michellestad, WY 72225"
1102793518,Tom,Wallace,"348 Weaver Vista
Aliciaville, ID 56290"
1102793519,Angela,Henson,"79975 Lowe Plaza
Martinezside, PR 12189"
1102793520,Timothy,Lopez,"Unit 3257 Box 0427
DPO AP 08097"
1102793521,Sarah,Henson,"28279 Burton Ridge Suite 346
Matthewton, GU 58686"
1102793522,Donald,Larson,"675 Hoffman Stravenue Suite 375
New Jessica, MH 51887"
1102793523,Debra,Stephens,"8906 Sullivan Land
North Katelynburgh, GA 69002"
1102793524,Justin,Poole,"1453 Kennedy Meadows Suite 255
Rebeccabury, MD 55726"
1102793525,Andrew,Robbins,"7453 Cooke Ways
Port Amberburgh, FM 43858"
1102793526,Christina,Park,"791 Tyler Walks Apt. 696
Huntertown, DC 94608"
1102793527,Beth,Dalton,"08138 Curtis Harbors Apt. 666
Scottville, TX 99030"
1102793528,Lawrence,Brown,"03317 Farrell Inlet
West Ericaport, FM 07773"
1102793529,Jacob,Rivera,"Unit 7892 Box 6655
DPO AE 08982"
1102793530,John,Baker,"86753 Ibarra Wall Suite 883
Lake Jacobville, DC 23431"
1102793531,Samantha,Rodriguez,"998 Lisa Plaza
Lake Teresa, MH 62382"
1102793532,Paula,Knight,"932 Snyder Unions
Port Autumn, NE 81010"
1102793533,Stephanie,Barrera,"59078 Kelly Roads Apt. 943
Port Dawnmouth, IL 76348"
1102793534,Melissa,Blair,"0252 James Island
Mariaton, KS 55684"
1102793535,Sharon,Hopkins,"495 Chelsea Mountain Apt. 859
East Valerie, PW 93369"
1102793536,Joseph,Ortega,"71119 Renee Burgs Apt. 103
Port Gina, NC 63207"
1102793537,Robert,Wells,"0880 Crystal Bridge Apt. 907
Lake Andrewchester, AL 69437"
1102793538,Terri,Harris,"0158 Small Forge Apt. 618
Judyhaven, VT 03844"
1102793539,David,Olson,"59798 Hicks Pike Suite 999
North Kathryn, AS 59794"
1102793540,Jeffrey,Riley,"4445 Dylan Summit Apt. 186
North Ronaldmouth, WA 83253"
1102793541,Mary,Turner,"334 Robert Mountain
West Stephanie, MO 51533"
1102793542,Caitlin,Ramos,"893 Paul Courts
Kingville, HI 18104"
1102793543,Kaitlyn,Ward,"965 Joshua Estate Suite 709
East Kimberly, CO 44196"
1102793544,Wanda,Warren,"77200 Casey Street Suite 857
East Cameron, UT 00965"
1102793545,Ashley,Christian,"640 Jill Walks Suite 919
Abbottton, IA 05651"
1102793546,Jeffrey,Brady,"2229 Ashley Coves Apt. 157
Hessport, MP 39273"
1102793547,Amber,Carter,"7317 Payne Hollow
Wagnermouth, RI 44353"
1102793548,David,Walker,"21869 Joseph Tunnel Suite 733
Port Aaronshire, NC 93283"
1102793549,Antonio,Carlson,"15907 Gonzalez Mills Suite 187
Lauraport, OH 67281"
1102793550,Alyssa,Peterson,"Unit 5699 Box 6871
DPO AP 27967"
1102793551,Michael,Morrison,"286 Patricia Falls
Curtisburgh, SD 73732"
1102793552,Taylor,Smith,"0555 Ramirez Harbor Apt. 416
North Michele, IL 61361"
1102793553,Frank,Alexander,"USNV Watson
FPO AP 20916"
1102793554,Christopher,Arnold,"43031 Amy Forge
Jayfurt, WA 61621"
1102793555,Zachary,Khan,"20245 Cunningham Corner Apt. 759
Feliciabury, AL 52083"
1102793556,Robert,Buchanan,"32458 Stephanie Via Apt. 385
East Justinville, ID 78626"
1102793557,Katherine,Brennan,"2960 Andrea Mill Suite 163
East Paulahaven, AS 75106"
1102793558,Roger,Spencer,"07774 Macias Avenue Suite 319
Richardstad, HI 74878"
1102793559,Nicole,Alvarez,"939 Alexandra Spurs Suite 716
Thomasburgh, TX 82863"
1102793560,Matthew,Lewis,"6286 Patrick Flat
Port Tylerview, MA 81401"
1102793561,Dustin,Johnson,"4773 Smith Alley Suite 745
New Michael, IN 25691"
1102793562,Melanie,Gomez,"61377 Carol Shore Suite 559
East Danielle, WI 43838"
1102793563,Kimberly,Stewart,"64412 Huff Dale Suite 673
Lake Xavierbury, NV 90854"
1102793564,Scott,Gonzalez,"PSC 7709, Box 2639
APO AA 53556"
1102793565,David,Green,"Unit 7783 Box 5916
DPO AP 50534"
1102793566,Jacob,Rivera,"86840 Lisa Gateway
Port Cathy, MN 67410"
1102793567,Teresa,Chase,"USCGC Strickland
FPO AA 01233"
1102793568,Nancy,Pena,"61470 Bell Heights
Lake Jonathan, MA 49579"
1102793569,Theresa,Zimmerman,"553 Sonya Greens Apt. 830
Lake Denisechester, NE 39395"
1102793570,Jennifer,Martinez,"USNV Smith
FPO AP 89875"
1102793571,Shawn,Levine,"767 Hoover Creek Apt. 929
Trevortown, AZ 79379"
1102793572,Sean,Terrell,"23859 Wilcox Haven Apt. 728
Johnstonfurt, NH 93697"
1102793573,Gina,Campbell,"086 Roth Cliffs
North Christopherland, NV 59406"
1102793574,Sydney,Collins,"66389 Thomas Crossroad Suite 934
Meganborough, SC 08522"
1102793575,Scott,Fox,"474 Jennifer Ranch
Johnborough, LA 02233"
1102793576,Ryan,Bowen,"02162 Snyder Mills
Tamaraburgh, VA 87664"
1102793577,Michael,Solis,"4005 Luis Extensions
New Kevinmouth, PW 51655"
1102793578,Abigail,Brown,"446 Taylor Harbors Apt. 059
Collierhaven, ME 39332"
1102793579,Ray,Wheeler,"772 Faulkner Haven
Kelseyborough, PA 57186"
1102793580,Desiree,Hernandez,"7091 Joseph Drive
Marissashire, VT 13445"
1102793581,Shawn,Kim,"99659 Philip Divide Apt. 589
New Joseph, AL 09154"
1102793582,Hannah,Jones,"1357 Juan Alley
Robinsonberg, PW 36895"
1102793583,Javier,Nelson,"671 Angela Estate Apt. 420
Markfort, WA 01009"
1102793584,Mark,Reed,"5003 Benson Union
Johnberg, MN 17797"
1102793585,Amanda,Hodges,"13342 Matthew Hill
Jessicafort, OK 68139"
1102793586,Elizabeth,Owen,"733 Hayley Underpass
South Zacharyshire, NJ 63757"
1102793587,Deanna,Mckinney,"5051 Jacob Glen Apt. 140
East Katrinaport, MA 91798"
1102793588,Scott,Ramirez,"760 Jones Fork
Jonhaven, PW 85782"
1102793589,Julian,White,"690 Berg Plain
Johnland, IN 31871"
1102793590,Brandon,Cruz,"629 Keith Throughway Suite 683
Deannaland, ME 64371"
1102793591,John,Quinn,"830 Mendoza Corner Suite 544
West Kathleen, PW 01542"
1102793592,Katelyn,Williams,"264 Sheryl Mountains
Wallsside, WA 71088"
1102793593,James,Shaw,"71058 Wright Knoll Suite 071
Jamesside, FM 68592"
1102793594,Angela,Green,"8470 Diaz Junctions
East George, PA 48539"
1102793595,Brian,Jenkins,"USS Anderson
FPO AE 59033"
1102793596,Joshua,Jackson,"54944 Katherine Mountain
Theodorechester, AS 16036"
1102793597,Nicholas,Hensley,"115 Bean Plain
North Marisa, FM 17343"
1102793598,Robert,Farrell,"38998 Ramirez Crescent
East Sarahmouth, NM 26965"
1102793599,Gina,Washington,"690 Compton Drive Apt. 359
North Josephland, AZ 16247"
1102793600,Keith,Horn,"59271 Crawford Greens Apt. 338
North Crystal, KS 78357"
1102793601,Victor,Lee,"994 Hatfield Crossing
Wellston, MH 63940"
1102793602,Vernon,King,"771 Timothy Bridge Apt. 905
Port Danafort, DE 43407"
1102793603,Larry,Smith,"76023 Pierce Spur
North Lori, PR 30959"
1102793604,Ronald,Jones,"8491 Makayla Lake
New Michaelfurt, MI 60575"
1102793605,Kristin,Allen,"42793 Aaron Spurs
Sandersborough, IL 47177"
1102793606,Troy,Carroll,"0173 Jeffrey Hollow Apt. 444
Juliemouth, HI 84314"
1102793607,Charles,Harmon,"PSC 8856, Box 5708
APO AE 60395"
1102793608,Melanie,Flores,"3436 Keller Plains Apt. 948
South Veronica, SC 48692"
1102793609,Heather,Frederick,"28374 Miller Haven
Port Lawrencemouth, IA 71937"
1102793610,Garrett,Sharp,"76194 Angela Burgs Suite 499
South Charlotte, GA 82581"
1102793611,Timothy,Smith,"931 Chelsea Gardens Suite 780
Geraldfort, NH 79355"
1102793612,Timothy,Christian,"4178 Graves Port Apt. 419
West Donald, NM 62239"
1102793613,Brandon,Hunt,"590 Rodriguez Walk Suite 622
Barnesville, FM 57360"
1102793614,Daniel,Martin,"6608 Gonzalez Drives
West Debra, LA 30085"
1102793615,Michael,Silva,"163 Rhonda Oval Suite 057
New Carl, KS 95351"
1102793616,Tiffany,Henry,"77159 Gregory Curve
Lake Martha, PR 22402"
1102793617,Melissa,Allen,"579 Crystal Port Suite 425
Thomasport, AS 61384"
1102793618,Tyler,Garza,"80221 Patricia Plains
Garretttown, AS 97989"
1102793619,Shannon,Young,"7011 Lisa Centers Apt. 830
Kleinside, MS 30934"
1102793620,Peter,Holt,"00304 Wood Fork
Port David, OK 92481"
1102793621,Margaret,Johnston,"5622 Jeremy Courts Suite 058
Sarahberg, HI 41774"
1102793622,Brandon,Gardner,"148 Justin Rapids Suite 897
South Danielle, PR 44030"
1102793623,Theresa,Clark,"566 Valerie Ramp
Christensenbury, NM 66792"
1102793624,Michael,Mejia,"6913 Sandra Plains
Lake Alvinport, NY 16169"
1102793625,Megan,Chandler,"777 Laurie Unions
Johnton, AL 12507"
1102793626,Leah,Davis,"952 Jennifer Turnpike
Richardville, WI 18579"
1102793627,Melinda,Miller,"7170 Young Place
North Kathrynfort, AZ 79467"
1102793628,Willie,Cox,"93419 Myers Causeway Apt. 760
Brittneymouth, AZ 88641"
1102793629,William,Dunlap,"1478 Martinez Harbor Suite 258
New Craigstad, OK 39559"
1102793630,Carol,Lopez,"2406 Murray Valleys Suite 531
Gonzaleztown, UT 84603"
1102793631,Linda,Hoffman,"5805 Joseph Gateway
Lake Alan, IN 97501"
1102793632,Dwayne,Jefferson,"664 William Mill Suite 872
New Mark, MO 47187"
1102793633,Brandon,Powers,"7008 Lewis Mill
West Kylie, NH 35506"
1102793634,William,Anderson,"1864 Sarah Stravenue
South Gregory, SD 61680"
1102793635,Robert,Gregory,"916 Elizabeth Ports
Dawsonchester, NY 49174"
1102793636,Aaron,Kelley,"1345 Johnston Hills
Port Jonathan, NC 57000"
1102793637,Vanessa,Hughes,"475 Aaron Vista Apt. 577
New Crystalville, PW 16419"
1102793638,Kyle,Moreno,"USNS Garcia
FPO AA 46019"
1102793639,Felicia,Neal,"80549 Hayden Key Apt. 920
Michaelland, VA 63956"
1102793640,Gail,Bowen,"9265 Perkins Pike Suite 090
Port Brandy, HI 06889"
1102793641,Julia,Mendoza,"9878 Troy Forge Suite 533
Anthonyshire, MN 82046"
1102793642,Timothy,Hobbs,"Unit 2614 Box 0679
DPO AP 79886"
1102793643,Rebecca,Chapman,"6696 Charles Union
East Gregoryfort, IL 90818"
1102793644,Kenneth,Henry,"14203 Peterson Heights Suite 600
Andreaville, OK 39871"
1102793645,Drew,Sellers,"24496 Penny Forge
Zacharymouth, NM 15502"
1102793646,Timothy,Graham,"5969 Andrew Union
East Johntown, VT 28148"
1102793647,Jose,Reed,"08923 Jason Mill
Margaretville, KY 81528"
1102793648,Jamie,Marsh,"USCGC Matthews
FPO AA 91897"
1102793649,Margaret,Walker,"87675 Carol Shoals Apt. 602
Port Andrewton, NC 97001"
1102793650,Matthew,Manning,"0432 Blankenship Forest Suite 357
Leslieton, KS 27521"
1102793651,James,Webster,"757 Carter Fords Suite 028
Traceyfort, OR 01640"
1102793652,Jeremy,Howell,"6874 Ellis Brook
Smithfort, DC 91489"
1102793653,Sarah,Baker,"05059 Thomas Coves
Williamport, KS 88138"
1102793654,David,Hart,"9144 Tracy Plaza Apt. 757
Port Sara, UT 40875"
1102793655,Matthew,Lynch,"924 Zachary Fall
East Johnhaven, WY 33957"
1102793656,Robert,Walsh,"1293 William Ridges
West Brettmouth, CO 72220"
1102793657,Phillip,Shaw,"644 Lang Forks Apt. 777
South Dylanmouth, MP 81647"
1102793658,Carla,Williamson,"20148 Laurie Harbors
Leeland, AZ 14272"
1102793659,Scott,Simon,"873 Lisa Field Suite 604
Candacebury, OR 23691"
1102793660,Breanna,Johnson,"177 Lindsay Station Suite 552
Port Haley, ND 51876"
1102793661,Evan,Trujillo,"553 John Key Suite 376
Flemington, LA 74909"
1102793662,Amanda,Anderson,"390 Debbie Vista
South Jerryport, KY 23560"
1102793663,Roberto,Allison,"55152 Rosales Rapids Suite 145
Mindytown, UT 98647"
1102793664,Carla,Martinez,"7963 Kelly Turnpike Apt. 186
Leburgh, NM 72379"
1102793665,Curtis,Gibson,"076 Seth Turnpike Suite 061
Jeffreystad, NJ 92141"
1102793666,Robert,Castro,"538 Russell Road
Nicolemouth, WI 36302"
1102793667,Rachel,Armstrong,"5736 Sandra Grove Suite 997
Jonathantown, AR 61529"
1102793668,Christian,Brown,"0908 Brittany Estate
Padillaport, SC 51114"
1102793669,Kevin,Butler,"6077 Johnson Ports Apt. 516
Bartonborough, WA 84906"
1102793670,Eduardo,Chavez,"9481 Schneider Fords Apt. 082
Rodriguezfurt, MA 08812"
1102793671,Heather,Zavala,"4304 Alexis Curve
Zacharymouth, SC 11871"
1102793672,Krista,Matthews,"98158 Stephanie Ramp Apt. 913
Emilychester, IL 23160"
1102793673,Rose,Padilla,"628 Kyle Springs
Toniville, UT 78887"
1102793674,Sheila,Mccarthy,"29019 Jackson Points Suite 030
East Rickey, CO 44452"
1102793675,Brooke,Lozano,"Unit 1256 Box 3722
DPO AA 56990"
1102793676,Shawn,Lowe,"875 Courtney Coves
Mullinsfurt, SD 59258"
1102793677,Timothy,King,"172 Thomas Cliffs Apt. 446
Moniqueville, AS 16666"
1102793678,Thomas,Rush,"3840 Anthony Prairie Apt. 380
Bryanland, AR 36640"
1102793679,Christina,Jones,"3868 Salazar Mill
South Jefferytown, NH 45762"
1102793680,Nicole,Peterson,"215 Swanson Squares Apt. 921
West Ianhaven, NV 51685"
1102793681,Cheyenne,Daniel,"92034 Jason Prairie
Austinstad, ND 48489"
1102793682,Lee,Michael,"569 White Tunnel Apt. 125
West Anthonychester, DE 57887"
1102793683,Anthony,Weber,"90490 Butler Trafficway Suite 260
West Ginafurt, NE 45063"
1102793684,Sierra,Henderson,"67292 Wagner Village
East Wayneland, WV 01265"
1102793685,Lynn,Armstrong,"9722 Gillespie Square
Amybury, TX 69616"
1102793686,Jonathan,Torres,"45984 Waters Ferry Apt. 482
Dylanview, NM 22955"
1102793687,Jeffrey,Jordan,"2394 Lopez Meadow Suite 064
Thomasside, FM 46039"
1102793688,Shannon,Barrett,"604 Nicole Loop
Penatown, MN 38269"
1102793689,Gabriela,Larson,"62180 Torres Courts
Karenborough, NJ 98072"
1102793690,Emma,Byrd,"405 Sandra Estates
Rosschester, OR 34645"
1102793691,Brandy,Hernandez,"06420 Henry Spring
Brandonshire, GU 29985"
1102793692,Eric,Graham,"PSC 1397, Box 5988
APO AE 59115"
1102793693,Patricia,Gonzales,"26109 Vicki Mountain Suite 661
East Billymouth, SD 69979"
1102793694,Lisa,Hamilton,"81003 Reynolds Field
Hollytown, KS 89873"
1102793695,Donald,Sheppard,"65851 Russell Shoals
Zamorahaven, AZ 08859"
1102793696,Kim,Jones,"9680 Nancy Cove
New Crystal, FM 51598"
1102793697,Bethany,Allen,"11046 Jones Village Suite 597
Esparzatown, ND 01107"
1102793698,Dennis,Osborne,"04955 Ortiz Row Apt. 781
Jacquelineshire, ND 01115"
1102793699,David,Swanson,"476 Fleming Keys
Durhamborough, OR 37769"
1102793700,Robert,Taylor,"7060 Wong Well Apt. 982
Robinsonchester, AR 03864"
1102793701,Paul,Simmons,"PSC 7739, Box 0401
APO AP 46165"
1102793702,Timothy,Dominguez,"5576 Taylor Common Apt. 433
Lake Pamela, MA 66240"
1102793703,Nicolas,Arnold,"PSC 9321, Box 6498
APO AE 03015"
1102793704,Daniel,Lee,"414 Jason Road Suite 940
Samuelshire, MT 30778"
1102793705,Angela,Roberts,"4040 Brown Parks Apt. 669
Lewisport, VI 19311"
1102793706,Chelsey,Avila,"051 Bauer Passage
Walkertown, NY 59551"
1102793707,Sydney,Wiley,"23390 Campbell Falls
Davidton, TX 29132"
1102793708,Benjamin,Harris,"39700 Schneider Shores Apt. 743
Colleenstad, RI 87596"
1102793709,Janice,Estrada,"22250 Cohen Forge Suite 643
Port Angela, VI 68285"
1102793710,Elizabeth,Stevens,"58289 Hall Mountains
Samuelberg, MI 70483"
1102793711,Crystal,Garcia,"9247 Christy Vista Apt. 940
Lake Cindy, WV 84163"
1102793712,Keith,Dean,"30537 Chris Canyon
Smithhaven, LA 03619"
1102793713,Kevin,Rollins,"86695 Flores Vista
Wendyfurt, WA 97785"
1102793714,Bridget,Simpson,"Unit 2514 Box 2758
DPO AP 98154"
1102793715,Joshua,Johnson,"10881 Brian Skyway Suite 695
Gomezstad, CT 89001"
1102793716,Samuel,Acevedo,"0741 Jennifer Mall Suite 690
New Megan, FL 21966"
1102793717,Jamie,Murphy,"2032 Vincent Lodge Apt. 654
New Michele, MO 40865"
1102793718,Craig,Watson,"Unit 7221 Box 4876
DPO AP 24664"
1102793719,Amy,Cowan,"30239 Cameron Pike
Millermouth, NH 48471"
1102793720,Wendy,Gonzalez,"568 Willis Unions
Josephport, SD 85271"
1102793721,Kyle,King,"2919 Pamela Loaf Suite 404
East Josephville, UT 57594"
1102793722,Jane,King,"7046 Alexander Highway
Port Carolyn, DE 07748"
1102793723,Sherry,Williams,"61548 Cynthia Burgs Apt. 511
Marissamouth, NH 40976"
1102793724,Crystal,Martin,"8881 Weiss Turnpike
Nicholstown, NE 09099"
1102793725,Linda,Davis,"19812 Green Ridge
Chaseburgh, NY 86019"
1102793726,Fernando,Yoder,"438 Thomas Row
South Kathryn, NM 75422"
1102793727,Sara,Wilson,"73179 Miranda Mills
Kevinland, SD 24268"
1102793728,Michael,Ford,"218 Allen Forges Suite 658
East Rhonda, VA 34180"
1102793729,Michael,Chaney,"442 Alicia Island
West Charlesland, AK 50405"
1102793730,Duane,Jones,"438 Laurie Village
New Jennifermouth, ME 06825"
1102793731,April,King,"1592 James Lodge Suite 058
South Julie, NJ 23646"
1102793732,Thomas,Nguyen,"812 Audrey Run
Bethanyberg, NV 74377"
1102793733,Ronald,Simpson,"Unit 1713 Box 1760
DPO AE 72188"
1102793734,Stephen,Castillo,"1073 Frank Shoal Suite 923
Scottstad, NE 66213"
1102793735,Samuel,Williams,"306 Boyd Inlet
West Erikmouth, PR 85052"
1102793736,Virginia,Henderson,"0367 Rebecca Meadows
New Aaron, MO 17123"
1102793737,Emily,Ryan,"02063 Victoria Brook
North Bethtown, MO 90706"
1102793738,Brandon,Burgess,"572 Lauren Stravenue Suite 238
Chelseaton, NM 81817"
1102793739,Ashley,Clark,"73708 Stewart Isle
Deannaville, DE 54844"
1102793740,Bradley,Lopez,"914 Chandler Street Suite 309
Lake Michelle, GU 49990"
1102793741,Andrea,Yu,"653 Holland Freeway Apt. 758
Lake Melissa, LA 17711"
1102793742,Judith,Smith,"08041 Monica Landing
Scotttown, ID 29878"
1102793743,Paul,Macdonald,"6826 Melinda Track
South Kathleen, IA 05212"
1102793744,Sara,Thompson,"62450 Hunt Highway Apt. 552
Smithborough, MT 94781"
1102793745,Kathy,Oconnor,"16539 Gates Turnpike
Barnettborough, KS 71736"
1102793746,David,Sanchez,"PSC 4400, Box 3686
APO AP 40733"
1102793747,Sheila,Cabrera,"2862 Stacie Common Apt. 778
Valdezville, DE 77393"
1102793748,Collin,Warren,"2547 Hamilton Mission
Lake Michelle, WI 30457"
1102793749,Ashley,Nunez,"2378 Rivera Fall
Rogershaven, ND 94556"
1102793750,Walter,Dorsey,"PSC 9384, Box 4146
APO AA 06341"
1102793751,Jason,Pratt,"15553 Roberts Mission Suite 866
Tammystad, WY 99269"
1102793752,Paul,Garcia,"PSC 8147, Box 2668
APO AP 38202"
1102793753,Jennifer,Blackburn,"3814 Alexander Court Suite 352
North Edward, MA 84822"
1102793754,Adam,Harper,"Unit 1166 Box 3887
DPO AE 31758"
1102793755,Elizabeth,Stein,"5000 Byrd Stream
Kevinfort, IL 43663"
1102793756,Beverly,Johnson,"15913 Travis Mount Apt. 338
Jasonville, CT 34259"
1102793757,Jerry,Garrison,"7624 Stephens Way Apt. 897
North Leslie, OK 58516"
1102793758,Amanda,Le,"91894 Chen Inlet Apt. 528
Waltonmouth, UT 78908"
1102793759,John,Rodriguez,"178 Gates Ville
Jenniferton, CO 80201"
1102793760,Melinda,Simmons,"057 Stacey Street Suite 052
Johnsonfurt, MA 81904"
1102793761,Laura,Fernandez,"172 Valdez Forge Suite 286
North Trevorbury, VT 95940"
1102793762,Kayla,Sandoval,"422 Paul Tunnel
North Kevinport, VT 66549"
1102793763,Jillian,Martinez,"93920 Cassandra Road
Port Peggy, OR 05366"
1102793764,Jennifer,Boyd,"30815 Sydney Heights Suite 560
East Dylan, ND 92463"
1102793765,Phillip,Curry,"65931 Williams Pine
East Josephville, MT 43965"
1102793766,Randy,Marks,"PSC 8275, Box 6669
APO AE 37564"
1102793767,Tabitha,Gibson,"3707 Gary Burg Suite 102
Port Caitlin, NE 92793"
1102793768,David,Clark,"128 Corey Trail
Brenttown, NY 96584"
1102793769,Katherine,Abbott,"32974 Miller Vista
North Heidi, OK 66406"
1102793770,Nathan,Leonard,"9964 Anderson Manors
New Lauriestad, VA 31456"
1102793771,Michelle,Quinn,"63807 Lindsay Shoals
Jeffreymouth, MS 50714"
1102793772,Dwayne,Mccarty,"64109 Nicholas Islands
Sandersfort, WI 37257"
1102793773,Taylor,Hamilton,"6225 Gilmore Vista Suite 218
West Gina, IA 95197"
1102793774,Holly,Bradley,"522 Castaneda Valley Suite 101
Mannfurt, SC 03629"
1102793775,Alexander,Miller,"Unit 1375 Box 0262
DPO AA 97285"
1102793776,Debra,Kerr,"512 Fernandez Land Apt. 474
East Susanshire, OH 50938"
1102793777,Elizabeth,Watson,"PSC 5131, Box 3329
APO AE 58756"
1102793778,Stephanie,Johnson,"811 Kristen Radial
New Scottstad, NY 51105"
1102793779,Kelly,Sweeney,"04588 Pacheco Islands Apt. 306
South Alicia, PR 71786"
1102793780,Amy,Blake,"809 Lee Square
West Darren, AS 44753"
1102793781,Alexander,Morse,"PSC 6652, Box 6371
APO AE 90796"
1102793782,Chad,Durham,"93780 Harrison Squares
North Heatherport, OR 16436"
1102793783,Connie,Hicks,"Unit 8439 Box 3859
DPO AP 46879"
1102793784,Heather,Green,"5734 Brianna Lake
Blevinsport, CO 54714"
1102793785,Diana,Atkinson,"30732 Gail Shoal
New Karenport, IN 59959"
1102793786,Timothy,Alvarez,"056 Zachary Fork Apt. 296
West Nathan, AK 30814"
1102793787,Mitchell,Carter,"262 Katherine Plain Apt. 256
Lake Paulmouth, UT 78816"
1102793788,Roberto,Rogers,"20653 Lisa Throughway
Port Josetown, NC 27575"
1102793789,Bridget,Rivera,"48825 Pratt Spur
Morrisberg, IN 62817"
1102793790,Paul,Johnson,"12127 Carroll Walk
Hullmouth, VT 35747"
1102793791,John,Bennett,"65851 Snyder Canyon
Elizabethbury, SD 35633"
1102793792,Steven,Patel,"73997 Gina Light
Rogersville, TN 56038"
1102793793,Megan,Rice,"0843 Little Junction
Amberhaven, WV 44660"
1102793794,David,Gibson,"0575 Ryan Ports Apt. 396
West Cynthia, NC 40818"
1102793795,Michael,Gonzalez,"19721 Steven Ville Apt. 366
Kentfurt, PW 88174"
1102793796,Melissa,Burke,"PSC 9929, Box 0227
APO AE 34129"
1102793797,Taylor,Smith,"7276 Marc Highway Apt. 783
East Bethport, AS 95937"
1102793798,Kyle,Jordan,"PSC 5961, Box 9162
APO AE 78375"
1102793799,Timothy,Morales,"25527 Tony Club Suite 030
West Jennifer, NH 85594"
1102793800,Leroy,Henry,"6113 Amanda Knolls Suite 405
Martintown, DC 48180"
1102793801,Jose,Meyers,"125 Christopher Lane
Mathischester, LA 57805"
1102793802,Nicole,Rosales,"7834 Valdez Club Suite 999
East Jade, WY 33314"
1102793803,Renee,Cohen,"034 Dennis Trail
West Stevenland, MS 36723"
1102793804,Jacqueline,Davis,"USNS Fuller
FPO AP 79528"
1102793805,Patricia,Armstrong,"1328 Darlene Rapid Apt. 844
Hernandezberg, AR 06640"
1102793806,Jacqueline,Torres,"20100 Pamela Ridges Apt. 743
Lake Kristibury, KY 32016"
1102793807,Philip,Griffin,"8436 Robinson Lock
East Pamela, PA 35287"
1102793808,Jennifer,Henderson,"Unit 9929 Box 4146
DPO AP 14146"
1102793809,Daniel,Ortiz,"360 Miller Turnpike
East Jennifer, NH 63795"
1102793810,Martin,Hoover,"1971 Robert Junctions Apt. 955
Lake Virginia, MI 13384"
1102793811,Christopher,Hayes,"6672 Schultz Groves Suite 322
Amandashire, NH 99806"
1102793812,Kyle,Barnett,"12663 Joshua Valley Apt. 964
Chenland, VI 52387"
1102793813,Mark,Willis,"617 Bryan Terrace Suite 567
Lake Margaret, DE 09445"
1102793814,Joel,Sanchez,"07582 Brown Well
Laurieton, DE 88539"
1102793815,Stacy,Olsen,"795 Laura Lights Suite 821
Paulhaven, PW 57067"
1102793816,Eric,Moore,"73153 Wang Walks Suite 474
North Matthew, NJ 45796"
1102793817,Stephen,Taylor,"85591 Fuller Turnpike Suite 538
Nicholasmouth, PA 52235"
1102793818,Jason,Beard,"PSC 7989, Box 8521
APO AE 99147"
1102793819,Marc,Vasquez,"916 Christopher Highway Suite 633
Coxfurt, RI 07491"
1102793820,Christopher,Palmer,"023 Short Bridge
Peterton, MH 35433"
1102793821,Jasmine,Hayden,"484 Parker Knoll
Lake Madelineport, DE 41923"
1102793822,Patrick,Dalton,"49594 Yolanda Square
Codystad, SC 71104"
1102793823,Joseph,Ramirez,"USS Fox
FPO AP 93274"
1102793824,Jacqueline,Vega,"9696 Castaneda Squares
Mitchellhaven, ME 78985"
1102793825,Shawn,Shepherd,"90622 Gabriel Dale
Christopherville, AZ 41831"
1102793826,Aaron,Best,"73445 Stacie Lights Apt. 780
Ritahaven, TX 36003"
